estrategia,R0_estimado,tiempo_al_pico,prevalencia_maxima,tasa_max_crecimiento,tasa_crecimiento_exponencial,tiempo_duplicacion,auc_desinformados,tasa_ataque_final,duracion_epidemia,velocidad_propagacion,desinformados_finales,susceptibles_finales,no_involucrados_finales
Sin intervención,1.164671681206121,22,0.4225,18.0,0.16467168120612116,4.20926764992656,17426.5,0.9875,246,0.019204545454545453,12,5,383
Fact-checking intenso,1.1314074784355963,56,0.2925,18.0,0.1314074784355963,5.274792491354755,12119.5,0.975,233,0.005223214285714285,8,10,382
Educación mediática,1.193651226504973,36,0.375,17.0,0.19365122650497313,3.5793585874455833,12434.5,0.9625,172,0.010416666666666666,5,15,380
Moderación de influencers,1.1422423253049203,53,0.3025,17.0,0.14224232530492034,4.873002315408355,12205.0,0.975,242,0.005707547169811321,4,10,386
Intervención combinada,1.1837771466317144,29,0.2475,14.0,0.18377714663171446,3.7716723393741534,7902.0,0.97,179,0.00853448275862069,2,12,386
